{"cameraMode":{"drawMode":0,"name":"Shaded","section":"Shading Mode"},"sceneLighting":true,"audioPlay":false,"sceneViewState":{"m_AlwaysRefresh":false,"showFog":false,"showSkybox":true,"showFlares":false,"showImageEffects":false,"showParticleSystems":false,"showVisualEffectGraphs":true,"m_FxEnabled":true},"in2DMode":false,"pivot":{"x":-0.3649848699569702,"y":0.12145945429801941,"z":-10.877142906188965},"rotation":{"x":-0.007096477318555117,"y":-0.017803141847252847,"z":-0.004025664646178484,"w":-0.9998124241828919},"size":6.274590015411377,"orthographic":false}